NAME,ACCOUNT_ID
"Lopez, Buchanan and Jordan",lopez-buchanan-and-jordan
Small-Barnes,small-barnes
Myers Group,myers-group
"Alexander, Dawson and Meyer",alexander-dawson-and-meyer
Rivera-Doyle,rivera-doyle
Morris-Fletcher,morris-fletcher
Jackson and Sons,jackson-and-sons
Parker-Graves,parker-graves
"Burke, Rose and Hobbs",burke-rose-and-hobbs
"Humphrey, Wolf and Curry",humphrey-wolf-and-curry
Cross-Williams,cross-williams
Bullock and Sons,bullock-and-sons
King Ltd,king-ltd
Bates LLC,bates-llc
Cummings PLC,cummings-plc
Anderson-Banks,anderson-banks
"Carlson, Rogers and Smith",carlson-rogers-and-smith
Marshall-Chan,marshall-chan
Phillips and Sons,phillips-and-sons
Horne LLC,horne-llc
Allen-Peterson,allen-peterson
Lopez LLC,lopez-llc
Lewis-Guerrero,lewis-guerrero
Golden and Sons,golden-and-sons
Ortega Group,ortega-group
Herrera-Anderson,herrera-anderson
"Tucker, Hickman and Novak",tucker-hickman-and-novak
Wilson LLC,wilson-llc
"Williams, Howell and Roberts",williams-howell-and-roberts
Terry-Williams,terry-williams
Moore-Harris,moore-harris
Bauer-Randall,bauer-randall
Brooks-Collins,brooks-collins
"Giles, Hensley and Barrera",giles-hensley-and-barrera
Lopez-Schaefer,lopez-schaefer
Zimmerman-Boyer,zimmerman-boyer
Lucas Group,lucas-group
Stevenson LLC,stevenson-llc
Cook and Sons,cook-and-sons
Jacobs-Martin,jacobs-martin
"Woods, Farmer and Long",woods-farmer-and-long
Lee Inc,lee-inc
Hess-Leon,hess-leon
Phillips Inc,phillips-inc
Castro LLC,castro-llc
Mccormick Group,mccormick-group
"Drake, Poole and Kennedy",drake-poole-and-kennedy
Jackson PLC,jackson-plc
Jensen LLC,jensen-llc
Rangel-Parrish,rangel-parrish
Cline-Garcia,cline-garcia
Hale-Harrison,hale-harrison
"Hopkins, Keith and Spencer",hopkins-keith-and-spencer
"Taylor, Turner and Rodgers",taylor-turner-and-rodgers
"Vincent, Serrano and Davis",vincent-serrano-and-davis
"Salazar, Brown and Nunez",salazar-brown-and-nunez
Atkins Ltd,atkins-ltd
"Watkins, Floyd and Tucker",watkins-floyd-and-tucker
Rodriguez Group,rodriguez-group
Arellano-Nunez,arellano-nunez
White and Sons,white-and-sons
"Schultz, Andrews and Moore",schultz-andrews-and-moore
Roberts and Sons,roberts-and-sons
Obrien PLC,obrien-plc
Williamson Inc,williamson-inc
Barnes-Garcia,barnes-garcia
Brown LLC,brown-llc
"Velasquez, Sanders and Nelson",velasquez-sanders-and-nelson
Perez-Watson,perez-watson
Perkins-Guzman,perkins-guzman
Gallagher-Klein,gallagher-klein
Thompson and Sons,thompson-and-sons
"Flores, Palmer and Pruitt",flores-palmer-and-pruitt
Grant-Wilson,grant-wilson
"Strickland, Marshall and Rodriguez",strickland-marshall-and-rodriguez
Parks Inc,parks-inc
Liu-Schultz,liu-schultz
Olsen Inc,olsen-inc
"Baker, Johnson and Chen",baker-johnson-and-chen
Harris-Becker,harris-becker
Griffin-Hardy,griffin-hardy
"Norton, Decker and Simmons",norton-decker-and-simmons
"Parrish, Huber and Jacobs",parrish-huber-and-jacobs
"Lopez, Miles and Kim",lopez-miles-and-kim
Williams-Crawford,williams-crawford
Woods LLC,woods-llc
White Ltd,white-ltd
Hardy-Frazier,hardy-frazier
"Jennings, Woodard and Brown",jennings-woodard-and-brown
"Espinoza, Johns and Finley",espinoza-johns-and-finley
"Oneal, Whitaker and Phillips",oneal-whitaker-and-phillips
Scott LLC,scott-llc
Hanson LLC,hanson-llc
Walker-Gay,walker-gay
Smith Ltd,smith-ltd
"Meyer, Massey and Bradley",meyer-massey-and-bradley
"Barrett, Bender and Wiley",barrett-bender-and-wiley
Roberts Ltd,roberts-ltd
Armstrong LLC,armstrong-llc
"Brandt, White and Taylor",brandt-white-and-taylor